111,Anywhere Street   ,Anytown    ,TN,37901,
222,Other Street      ,Othertown  ,TN,37776,
333,Anywhere Street   ,Anytown    ,TN,37901,
444,Other Street      ,Othertown  ,TN,37776,
555,Anywhere Street   ,Anytown    ,TN,37901,
666,Other Street      ,Othertown  ,TN,37776,
111,Anywhere Street   ,Anytown    ,TN,37901,
222,Other Street      ,Othertown  ,TN,37776,
333,Anywhere Street   ,Anytown    ,TN,37901,
444,Other Street      ,Othertown  ,TN,37776,
555,Anywhere Street   ,Anytown    ,TN,37901,
666,Other Street      ,Othertown  ,TN,37776,
111,Anywhere Street   ,Anytown    ,TN,37901,
222,Other Street      ,Othertown  ,TN,37776,
333,Anywhere Street   ,Anytown    ,TN,37901,
444,Other Street      ,Othertown  ,TN,37776,
555,Anywhere Street   ,Anytown    ,TN,37901,
666,Other Street      ,Othertown  ,TN,37776,
111,Anywhere Street   ,Anytown    ,TN,37901,
222,Other Street      ,Othertown  ,TN,37776,
333,Anywhere Street   ,Anytown    ,TN,37901,
444,Other Street      ,Othertown  ,TN,37776,
555,Anywhere Street   ,Anytown    ,TN,37901,
666,Other Street      ,Othertown  ,TN,37776,
